dataset,keep_frac,n_rows,n_users,n_items,n_interactions,oss_c1,oss_c2,uss,iss,user_gini,item_gini,coldstart_user,coldstart_item,pct_coldstart_user,pct_coldstart_item
dense_kcore,1.0,1287653,155434,36845,1258439,0.00021973922305974756,0.977312210665451,8.096291673636399,34.154946397068805,0.27528653590870505,0.6825145226028527,0.0,0.0,0.0,0.0
tail_item_keep_0.90,0.9000002329820224,1158888,155321,18775,1132542,0.00019775602882820113,0.8795397517809534,7.286320882175071,30.738010584882616,0.2818702312655272,0.6205669068863273,0.0007269966673958406,0.49043289455828476,0.07269966673958406,49.04328945582848
tail_item_keep_0.70,0.6999999223393258,901357,154128,5854,880561,0.00015375698782119304,0.6838496085513721,5.665176216271858,23.899063644999323,0.299523164929398,0.5086439956179643,0.008402280067424162,0.8411181978558828,0.8402280067424162,84.11181978558828
tail_item_keep_0.50,0.49999961169662943,643826,149659,1949,628867,0.00010980806061153085,0.4883823514564871,4.045877993231854,17.067906093092684,0.33204404556231043,0.3915643374514843,0.03715403322310429,0.9471027276428281,3.715403322310429,94.7102727642828
tail_item_keep_0.30,0.3000000776606741,386296,134509,598,376801,6.579417753910673e-05,0.2926261966539122,2.4241864714283876,10.226652191613516,0.3474550919591943,0.29232060775957264,0.13462305544475472,0.9837698466549056,13.462305544475473,98.37698466549057
tail_item_keep_0.10,0.09999976701797766,128765,78825,88,125025,2.1830932101631416e-05,0.09709525780625682,0.8043606932846096,3.3932691002849777,0.26860942407141786,0.1909744414753413,0.4928715725002252,0.9976116162301534,49.28715725002252,99.76116162301534
