dataset,keep_frac,n_rows,n_users,n_items,n_interactions,oss_c1,oss_c2,uss,iss,user_gini,item_gini,coldstart_user,coldstart_item,pct_coldstart_user,pct_coldstart_item
dense_kcore,1.0,1287653,155434,36845,1258439,0.00021973922305974756,0.977312210665451,8.096291673636399,34.154946397068805,0.27528653590870505,0.6825145226028527,0.0,0.0,0.0,0.0
level_1_keep_0.90,0.9000002329820224,1158888,155434,36845,1134775,0.00019814593861730687,0.8812739146338338,7.300687108354672,30.798615823042475,0.28628880794301237,0.6837566798009075,0.0,0.0,0.0,0.0
level_2_keep_0.70,0.6999999223393258,901357,155282,36833,886081,0.00015472084901056322,0.6881364777622543,5.700689681794202,24.048880445107883,0.3102102270307546,0.6861126766278303,0.0009779070216298091,0.0003256886958882266,0.09779070216298091,0.03256886958882266
level_3_keep_0.50,0.49999961169662943,643826,153180,36606,635648,0.00011099210820666112,0.49364852176789864,4.089504226874429,17.251947346994164,0.3372538730793341,0.6892756039070103,0.014501331754957048,0.006486633193106273,1.4501331754957048,0.6486633193106273
level_4_keep_0.30,0.3000000776606741,386296,140246,35086,383165,6.690541170743133e-05,0.2975685219542843,2.4651298943603073,10.39937576333288,0.35096940050398556,0.6863150730894889,0.09771349897705783,0.04774053467227579,9.771349897705782,4.77405346722758
level_5_keep_0.10,0.09999976701797766,128765,83300,26019,128399,2.2420074792380502e-05,0.09971552895073439,0.8260676557252596,3.484841905278871,0.26478224854065957,0.6335815449380502,0.46408121775158584,0.29382548514045326,46.408121775158584,29.382548514045325
