dataset,keep_frac,n_rows,n_users,n_items,n_interactions,oss_c1,oss_c2,uss,iss,user_gini,item_gini,coldstart_user,coldstart_item,pct_coldstart_user,pct_coldstart_item
dense_kcore,1.0,4825818,31439,17876,3767435,0.006703578484779858,0.7806831919479765,119.83316899392474,210.75380398299396,0.19161479668493636,0.3562270582358488,0.0,0.0,0.0,0.0
tail_item_keep_0.90,0.8999999585562489,4343236,31439,13667,3371898,0.0059997804569082765,0.6987205070725834,107.25207544769236,188.6270977847393,0.19138981757341256,0.32728797623646766,0.0,0.23545535914074733,0.0,23.545535914074733
tail_item_keep_0.70,0.7000000828875022,3378073,31438,7840,2589219,0.00460712202885603,0.5365347387738203,82.3569133878304,144.84330946520475,0.19443594717625276,0.28188260910738266,3.1807627469016e-05,0.5614231371671514,0.0031807627469015998,56.142313716715144
tail_item_keep_0.50,0.5,2412909,31438,4100,1817907,0.0032346894511864695,0.3767044260682852,57.82330862940933,101.69540165585143,0.2037249801371158,0.2475805389813939,3.1807627469016e-05,0.7706422018348624,0.0031807627469015998,77.06422018348624
tail_item_keep_0.30,0.2999999171124978,1447745,31433,1678,1058784,0.00188394534807612,0.21939990277295995,33.67740704220872,59.22935779816514,0.22479816928128357,0.21978350170153135,0.00019084576481442905,0.9061311255314388,0.019084576481442905,90.61311255314388
tail_item_keep_0.10,0.10000004144375109,482582,31263,283,327906,0.0005834589333671913,0.06794827322538893,10.42991189287191,18.343365406131124,0.29597336907369565,0.19641225285217587,0.005598142434555808,0.9841687178339673,0.5598142434555808,98.41687178339673
