dataset,keep_frac,n_rows,n_users,n_items,n_interactions,oss_c1,oss_c2,uss,iss,user_gini,item_gini,coldstart_user,coldstart_item,pct_coldstart_user,pct_coldstart_item
dense_kcore,1.0,4825818,31439,17876,3767435,0.006703578484779858,0.7806831919479765,119.83316899392474,210.75380398299396,0.19161479668493636,0.3562270582358488,0.0,0.0,0.0,0.0
level_1_keep_0.90,0.8999999585562489,4343236,31439,17876,3463758,0.006163231377657242,0.7177556219484448,110.17392410700086,193.76583128216603,0.19108535665782275,0.3574616090222271,0.0,0.0,0.0,0.0
level_2_keep_0.70,0.7000000828875022,3378073,31439,17876,2815596,0.00500992552424454,0.5834442989768781,89.5574286713954,157.5070485567241,0.19115262706567387,0.3605498620883577,0.0,0.0,0.0,0.0
level_3_keep_0.50,0.5,2412909,31439,17876,2106062,0.0037474175163771735,0.43641554654568404,66.98883552275836,117.81505929738196,0.19420516795395323,0.3652077986489566,0.0,0.0,0.0,0.0
level_4_keep_0.30,0.2999999171124978,1447745,31439,17876,1327372,0.002361856908081814,0.2750563738624208,42.220554088870514,74.25441933318416,0.20267619567897252,0.37025899414092,0.0,0.0,0.0,0.0
level_5_keep_0.10,0.10000004144375109,482582,31439,17876,467228,0.0008313612758512684,0.09681840467253428,14.861414167117275,26.13716715148803,0.23774674150500966,0.3864168827908385,0.0,0.0,0.0,0.0
